Domain Code,Domain,Area Code,Area,Element Code,Element,Item Code,Item,Year Code,Year,Unit,Value,Flag,Flag Description,Note
"OA","Annual population","11","Austria","511","Total Population - Both sexes","3010","Population - Est. & Proj.","1950","1950","1000 persons","6936.439","X","International reliable sources","UNDESA, Population Division – World Population Prospects, the 2017 Revision"
"OA","Annual population","11","Austria","511","Total Population - Both sexes","3010","Population - Est. & Proj.","1951","1951","1000 persons","6931.338","X","International reliable sources","UNDESA, Population Division – World Population Prospects, the 2017 Revision"
"OA","Annual population","11","Austria","511","Total Population - Both sexes","3010","Population - Est. & Proj.","1952","1952","1000 persons","6931.196","X","International reliable sources","UNDESA, Population Division – World Population Prospects, the 2017 Revision"
"OA","Annual population","11","Austria","511","Total Population - Both sexes","3010","Population - Est. & Proj.","1953","1953","1000 persons","6935.142","X","International reliable sources","UNDESA, Population Division – World Population Prospects, the 2017 Revision"
"OA","Annual population","11","Austria","511","Total Population - Both sexes","3010","Population - Est. & Proj.","1954","1954","1000 persons","6942.619","X","International reliable sources","UNDESA, Population Division – World Population Prospects, the 2017 Revision"
"OA","Annual population","11","Austria","511","Total Population - Both sexes","3010","Population - Est. & Proj.","1955","1955","1000 persons","6953.406","X","International reliable sources","UNDESA, Population Division – World Population Prospects, the 2017 Revision"
"OA","Annual population","11","Austria","511","Total Population - Both sexes","3010","Population - Est. & Proj.","1956","1956","1000 persons","6967.625","X","International reliable sources","UNDESA, Population Division – World Population Prospects, the 2017 Revision"
"OA","Annual population","11","Austria","511","Total Population - Both sexes","3010","Population - Est. & Proj.","1957","1957","1000 persons","6985.724","X","International reliable sources","UNDESA, Population Division – World Population Prospects, the 2017 Revision"
"OA","Annual population","11","Austria","511","Total Population - Both sexes","3010","Population - Est. & Proj.","1958","1958","1000 persons","7008.424","X","International reliable sources","UNDESA, Population Division – World Population Prospects, the 2017 Revision"
"OA","Annual population","11","Austria","511","Total Population - Both sexes","3010","Population - Est. & Proj.","1959","1959","1000 persons","7036.55","X","International reliable sources","UNDESA, Population Division – World Population Prospects, the 2017 Revision"
"OA","Annual population","11","Austria","511","Total Population - Both sexes","3010","Population - Est. & Proj.","1960","1960","1000 persons","7070.766","X","International reliable sources","UNDESA, Population Division – World Population Prospects, the 2017 Revision"
"OA","Annual population","11","Austria","511","Total Population - Both sexes","3010","Population - Est. & Proj.","1961","1961","1000 persons","7111.142","X","International reliable sources","UNDESA, Population Division – World Population Prospects, the 2017 Revision"
"OA","Annual population","11","Austria","511","Total Population - Both sexes","3010","Population - Est. & Proj.","1962","1962","1000 persons","7156.833","X","International reliable sources","UNDESA, Population Division – World Population Prospects, the 2017 Revision"
"OA","Annual population","11","Austria","511","Total Population - Both sexes","3010","Population - Est. & Proj.","1963","1963","1000 persons","7205.994","X","International reliable sources","UNDESA, Population Division – World Population Prospects, the 2017 Revision"
"OA","Annual population","11","Austria","511","Total Population - Both sexes","3010","Population - Est. & Proj.","1964","1964","1000 persons","7256.091","X","International reliable sources","UNDESA, Population Division – World Population Prospects, the 2017 Revision"
"OA","Annual population","11","Austria","511","Total Population - Both sexes","3010","Population - Est. & Proj.","1965","1965","1000 persons","7305.158","X","International reliable sources","UNDESA, Population Division – World Population Prospects, the 2017 Revision"
"OA","Annual population","11","Austria","511","Total Population - Both sexes","3010","Population - Est. & Proj.","1966","1966","1000 persons","7352.24","X","International reliable sources","UNDESA, Population Division – World Population Prospects, the 2017 Revision"
"OA","Annual population","11","Austria","511","Total Population - Both sexes","3010","Population - Est. & Proj.","1967","1967","1000 persons","7397.171","X","International reliable sources","UNDESA, Population Division – World Population Prospects, the 2017 Revision"
"OA","Annual population","11","Austria","511","Total Population - Both sexes","3010","Population - Est. & Proj.","1968","1968","1000 persons","7439.579","X","International reliable sources","UNDESA, Population Division – World Population Prospects, the 2017 Revision"
"OA","Annual population","11","Austria","511","Total Population - Both sexes","3010","Population - Est. & Proj.","1969","1969","1000 persons","7479.346","X","International reliable sources","UNDESA, Population Division – World Population Prospects, the 2017 Revision"
"OA","Annual population","11","Austria","511","Total Population - Both sexes","3010","Population - Est. & Proj.","1970","1970","1000 persons","7516.239","X","International reliable sources","UNDESA, Population Division – World Population Prospects, the 2017 Revision"
"OA","Annual population","11","Austria","511","Total Population - Both sexes","3010","Population - Est. & Proj.","1971","1971","1000 persons","7550.34","X","International reliable sources","UNDESA, Population Division – World Population Prospects, the 2017 Revision"
"OA","Annual population","11","Austria","511","Total Population - Both sexes","3010","Population - Est. & Proj.","1972","1972","1000 persons","7581.117","X","International reliable sources","UNDESA, Population Division – World Population Prospects, the 2017 Revision"
"OA","Annual population","11","Austria","511","Total Population - Both sexes","3010","Population - Est. & Proj.","1973","1973","1000 persons","7607.065","X","International reliable sources","UNDESA, Population Division – World Population Prospects, the 2017 Revision"
"OA","Annual population","11","Austria","511","Total Population - Both sexes","3010","Population - Est. & Proj.","1974","1974","1000 persons","7626.29","X","International reliable sources","UNDESA, Population Division – World Population Prospects, the 2017 Revision"
"OA","Annual population","11","Austria","511","Total Population - Both sexes","3010","Population - Est. & Proj.","1975","1975","1000 persons","7637.689","X","International reliable sources","UNDESA, Population Division – World Population Prospects, the 2017 Revision"
"OA","Annual population","11","Austria","511","Total Population - Both sexes","3010","Population - Est. & Proj.","1976","1976","1000 persons","7640.749","X","International reliable sources","UNDESA, Population Division – World Population Prospects, the 2017 Revision"
"OA","Annual population","11","Austria","511","Total Population - Both sexes","3010","Population - Est. & Proj.","1977","1977","1000 persons","7636.576","X","International reliable sources","UNDESA, Population Division – World Population Prospects, the 2017 Revision"
"OA","Annual population","11","Austria","511","Total Population - Both sexes","3010","Population - Est. & Proj.","1978","1978","1000 persons","7627.759","X","International reliable sources","UNDESA, Population Division – World Population Prospects, the 2017 Revision"
"OA","Annual population","11","Austria","511","Total Population - Both sexes","3010","Population - Est. & Proj.","1979","1979","1000 persons","7617.884","X","International reliable sources","UNDESA, Population Division – World Population Prospects, the 2017 Revision"
"OA","Annual population","11","Austria","511","Total Population - Both sexes","3010","Population - Est. & Proj.","1980","1980","1000 persons","7609.752","X","International reliable sources","UNDESA, Population Division – World Population Prospects, the 2017 Revision"
"OA","Annual population","11","Austria","511","Total Population - Both sexes","3010","Population - Est. & Proj.","1981","1981","1000 persons","7604.513","X","International reliable sources","UNDESA, Population Division – World Population Prospects, the 2017 Revision"
"OA","Annual population","11","Austria","511","Total Population - Both sexes","3010","Population - Est. & Proj.","1982","1982","1000 persons","7602.181","X","International reliable sources","UNDESA, Population Division – World Population Prospects, the 2017 Revision"
"OA","Annual population","11","Austria","511","Total Population - Both sexes","3010","Population - Est. & Proj.","1983","1983","1000 persons","7603.102","X","International reliable sources","UNDESA, Population Division – World Population Prospects, the 2017 Revision"
"OA","Annual population","11","Austria","511","Total Population - Both sexes","3010","Population - Est. & Proj.","1984","1984","1000 persons","7607.293","X","International reliable sources","UNDESA, Population Division – World Population Prospects, the 2017 Revision"
"OA","Annual population","11","Austria","511","Total Population - Both sexes","3010","Population - Est. & Proj.","1985","1985","1000 persons","7614.868","X","International reliable sources","UNDESA, Population Division – World Population Prospects, the 2017 Revision"
"OA","Annual population","11","Austria","511","Total Population - Both sexes","3010","Population - Est. & Proj.","1986","1986","1000 persons","7625.393","X","International reliable sources","UNDESA, Population Division – World Population Prospects, the 2017 Revision"
"OA","Annual population","11","Austria","511","Total Population - Both sexes","3010","Population - Est. & Proj.","1987","1987","1000 persons","7639.352","X","International reliable sources","UNDESA, Population Division – World Population Prospects, the 2017 Revision"
"OA","Annual population","11","Austria","511","Total Population - Both sexes","3010","Population - Est. & Proj.","1988","1988","1000 persons","7658.84","X","International reliable sources","UNDESA, Population Division – World Population Prospects, the 2017 Revision"
"OA","Annual population","11","Austria","511","Total Population - Both sexes","3010","Population - Est. & Proj.","1989","1989","1000 persons","7686.572","X","International reliable sources","UNDESA, Population Division – World Population Prospects, the 2017 Revision"
"OA","Annual population","11","Austria","511","Total Population - Both sexes","3010","Population - Est. & Proj.","1990","1990","1000 persons","7723.949","X","International reliable sources","UNDESA, Population Division – World Population Prospects, the 2017 Revision"
"OA","Annual population","11","Austria","511","Total Population - Both sexes","3010","Population - Est. & Proj.","1991","1991","1000 persons","7772.701","X","International reliable sources","UNDESA, Population Division – World Population Prospects, the 2017 Revision"
"OA","Annual population","11","Austria","511","Total Population - Both sexes","3010","Population - Est. & Proj.","1992","1992","1000 persons","7830.933","X","International reliable sources","UNDESA, Population Division – World Population Prospects, the 2017 Revision"
"OA","Annual population","11","Austria","511","Total Population - Both sexes","3010","Population - Est. & Proj.","1993","1993","1000 persons","7892.086","X","International reliable sources","UNDESA, Population Division – World Population Prospects, the 2017 Revision"
"OA","Annual population","11","Austria","511","Total Population - Both sexes","3010","Population - Est. & Proj.","1994","1994","1000 persons","7947.209","X","International reliable sources","UNDESA, Population Division – World Population Prospects, the 2017 Revision"
"OA","Annual population","11","Austria","511","Total Population - Both sexes","3010","Population - Est. & Proj.","1995","1995","1000 persons","7990.121","X","International reliable sources","UNDESA, Population Division – World Population Prospects, the 2017 Revision"
"OA","Annual population","11","Austria","511","Total Population - Both sexes","3010","Population - Est. & Proj.","1996","1996","1000 persons","8017.863","X","International reliable sources","UNDESA, Population Division – World Population Prospects, the 2017 Revision"
"OA","Annual population","11","Austria","511","Total Population - Both sexes","3010","Population - Est. & Proj.","1997","1997","1000 persons","8032.876","X","International reliable sources","UNDESA, Population Division – World Population Prospects, the 2017 Revision"
"OA","Annual population","11","Austria","511","Total Population - Both sexes","3010","Population - Est. & Proj.","1998","1998","1000 persons","8041.05","X","International reliable sources","UNDESA, Population Division – World Population Prospects, the 2017 Revision"
"OA","Annual population","11","Austria","511","Total Population - Both sexes","3010","Population - Est. & Proj.","1999","1999","1000 persons","8051.113","X","International reliable sources","UNDESA, Population Division – World Population Prospects, the 2017 Revision"
"OA","Annual population","11","Austria","511","Total Population - Both sexes","3010","Population - Est. & Proj.","2000","2000","1000 persons","8069.276","X","International reliable sources","UNDESA, Population Division – World Population Prospects, the 2017 Revision"
"OA","Annual population","11","Austria","511","Total Population - Both sexes","3010","Population - Est. & Proj.","2001","2001","1000 persons","8097.748","X","International reliable sources","UNDESA, Population Division – World Population Prospects, the 2017 Revision"
"OA","Annual population","11","Austria","511","Total Population - Both sexes","3010","Population - Est. & Proj.","2002","2002","1000 persons","8134.412","X","International reliable sources","UNDESA, Population Division – World Population Prospects, the 2017 Revision"
"OA","Annual population","11","Austria","511","Total Population - Both sexes","3010","Population - Est. & Proj.","2003","2003","1000 persons","8175.852","X","International reliable sources","UNDESA, Population Division – World Population Prospects, the 2017 Revision"
"OA","Annual population","11","Austria","511","Total Population - Both sexes","3010","Population - Est. & Proj.","2004","2004","1000 persons","8216.805","X","International reliable sources","UNDESA, Population Division – World Population Prospects, the 2017 Revision"
"OA","Annual population","11","Austria","511","Total Population - Both sexes","3010","Population - Est. & Proj.","2005","2005","1000 persons","8253.65","X","International reliable sources","UNDESA, Population Division – World Population Prospects, the 2017 Revision"
"OA","Annual population","11","Austria","511","Total Population - Both sexes","3010","Population - Est. & Proj.","2006","2006","1000 persons","8285.343","X","International reliable sources",""
"OA","Annual population","11","Austria","511","Total Population - Both sexes","3010","Population - Est. & Proj.","2007","2007","1000 persons","8313.737","X","International reliable sources",""
"OA","Annual population","11","Austria","511","Total Population - Both sexes","3010","Population - Est. & Proj.","2008","2008","1000 persons","8341.532","X","International reliable sources",""
"OA","Annual population","11","Austria","511","Total Population - Both sexes","3010","Population - Est. & Proj.","2009","2009","1000 persons","8372.663","X","International reliable sources",""
"OA","Annual population","11","Austria","511","Total Population - Both sexes","3010","Population - Est. & Proj.","2010","2010","1000 persons","8409.949","X","International reliable sources","UNDESA, Population Division – World Population Prospects, the 2017 Revision"
"OA","Annual population","11","Austria","511","Total Population - Both sexes","3010","Population - Est. & Proj.","2011","2011","1000 persons","8453.501","X","International reliable sources",""
"OA","Annual population","11","Austria","511","Total Population - Both sexes","3010","Population - Est. & Proj.","2012","2012","1000 persons","8502.227","X","International reliable sources",""
"OA","Annual population","11","Austria","511","Total Population - Both sexes","3010","Population - Est. & Proj.","2013","2013","1000 persons","8556.189","X","International reliable sources",""
"OA","Annual population","11","Austria","511","Total Population - Both sexes","3010","Population - Est. & Proj.","2014","2014","1000 persons","8615.214","X","International reliable sources",""
"OA","Annual population","11","Austria","511","Total Population - Both sexes","3010","Population - Est. & Proj.","2015","2015","1000 persons","8678.66","X","International reliable sources",""
"OA","Annual population","11","Austria","511","Total Population - Both sexes","3010","Population - Est. & Proj.","2016","2016","1000 persons","8747.301","X","International reliable sources",""
"OA","Annual population","11","Austria","511","Total Population - Both sexes","3010","Population - Est. & Proj.","2017","2017","1000 persons","8819.901","X","International reliable sources",""
"OA","Annual population","11","Austria","511","Total Population - Both sexes","3010","Population - Est. & Proj.","2018","2018","1000 persons","8891.388","X","International reliable sources",""
"OA","Annual population","68","France","511","Total Population - Both sexes","3010","Population - Est. & Proj.","1950","1950","1000 persons","41833.882","X","International reliable sources",""
"OA","Annual population","68","France","511","Total Population - Both sexes","3010","Population - Est. & Proj.","1951","1951","1000 persons","42031.191","X","International reliable sources",""
"OA","Annual population","68","France","511","Total Population - Both sexes","3010","Population - Est. & Proj.","1952","1952","1000 persons","42315.6","X","International reliable sources",""
"OA","Annual population","68","France","511","Total Population - Both sexes","3010","Population - Est. & Proj.","1953","1953","1000 persons","42654.662","X","International reliable sources",""
"OA","Annual population","68","France","511","Total Population - Both sexes","3010","Population - Est. & Proj.","1954","1954","1000 persons","43024.816","X","International reliable sources",""
"OA","Annual population","68","France","511","Total Population - Both sexes","3010","Population - Est. & Proj.","1955","1955","1000 persons","43411.367","X","International reliable sources",""
"OA","Annual population","68","France","511","Total Population - Both sexes","3010","Population - Est. & Proj.","1956","1956","1000 persons","43808.989","X","International reliable sources",""
"OA","Annual population","68","France","511","Total Population - Both sexes","3010","Population - Est. & Proj.","1957","1957","1000 persons","44221.227","X","International reliable sources",""
"OA","Annual population","68","France","511","Total Population - Both sexes","3010","Population - Est. & Proj.","1958","1958","1000 persons","44659.046","X","International reliable sources",""
"OA","Annual population","68","France","511","Total Population - Both sexes","3010","Population - Est. & Proj.","1959","1959","1000 persons","45138.438","X","International reliable sources",""
"OA","Annual population","68","France","511","Total Population - Both sexes","3010","Population - Est. & Proj.","1960","1960","1000 persons","45673.146","X","International reliable sources",""
"OA","Annual population","68","France","511","Total Population - Both sexes","3010","Population - Est. & Proj.","1961","1961","1000 persons","46266.981","X","International reliable sources",""
"OA","Annual population","68","France","511","Total Population - Both sexes","3010","Population - Est. & Proj.","1962","1962","1000 persons","46907.042","X","International reliable sources",""
"OA","Annual population","68","France","511","Total Population - Both sexes","3010","Population - Est. & Proj.","1963","1963","1000 persons","47560.826","X","International reliable sources",""
"OA","Annual population","68","France","511","Total Population - Both sexes","3010","Population - Est. & Proj.","1964","1964","1000 persons","48184.418","X","International reliable sources",""
"OA","Annual population","68","France","511","Total Population - Both sexes","3010","Population - Est. & Proj.","1965","1965","1000 persons","48746.652","X","International reliable sources",""
"OA","Annual population","68","France","511","Total Population - Both sexes","3010","Population - Est. & Proj.","1966","1966","1000 persons","49232.539","X","International reliable sources",""
"OA","Annual population","68","France","511","Total Population - Both sexes","3010","Population - Est. & Proj.","1967","1967","1000 persons","49651.083","X","International reliable sources",""
"OA","Annual population","68","France","511","Total Population - Both sexes","3010","Population - Est. & Proj.","1968","1968","1000 persons","50024.582","X","International reliable sources",""
"OA","Annual population","68","France","511","Total Population - Both sexes","3010","Population - Est. & Proj.","1969","1969","1000 persons","50387.448","X","International reliable sources",""
"OA","Annual population","68","France","511","Total Population - Both sexes","3010","Population - Est. & Proj.","1970","1970","1000 persons","50763.92","X","International reliable sources",""
"OA","Annual population","68","France","511","Total Population - Both sexes","3010","Population - Est. & Proj.","1971","1971","1000 persons","51162.568","X","International reliable sources",""
"OA","Annual population","68","France","511","Total Population - Both sexes","3010","Population - Est. & Proj.","1972","1972","1000 persons","51573.265","X","International reliable sources",""
"OA","Annual population","68","France","511","Total Population - Both sexes","3010","Population - Est. & Proj.","1973","1973","1000 persons","51979.527","X","International reliable sources",""
"OA","Annual population","68","France","511","Total Population - Both sexes","3010","Population - Est. & Proj.","1974","1974","1000 persons","52356.796","X","International reliable sources",""
"OA","Annual population","68","France","511","Total Population - Both sexes","3010","Population - Est. & Proj.","1975","1975","1000 persons","52688.576","X","International reliable sources",""
"OA","Annual population","68","France","511","Total Population - Both sexes","3010","Population - Est. & Proj.","1976","1976","1000 persons","52969.317","X","International reliable sources",""
"OA","Annual population","68","France","511","Total Population - Both sexes","3010","Population - Est. & Proj.","1977","1977","1000 persons","53208.554","X","International reliable sources",""
"OA","Annual population","68","France","511","Total Population - Both sexes","3010","Population - Est. & Proj.","1978","1978","1000 persons","53423.112","X","International reliable sources",""
"OA","Annual population","68","France","511","Total Population - Both sexes","3010","Population - Est. & Proj.","1979","1979","1000 persons","53637.069","X","International reliable sources",""
"OA","Annual population","68","France","511","Total Population - Both sexes","3010","Population - Est. & Proj.","1980","1980","1000 persons","53868.009","X","International reliable sources",""
"OA","Annual population","68","France","511","Total Population - Both sexes","3010","Population - Est. & Proj.","1981","1981","1000 persons","54121.013","X","International reliable sources",""
"OA","Annual population","68","France","511","Total Population - Both sexes","3010","Population - Est. & Proj.","1982","1982","1000 persons","54391.471","X","International reliable sources",""
"OA","Annual population","68","France","511","Total Population - Both sexes","3010","Population - Est. & Proj.","1983","1983","1000 persons","54675.371","X","International reliable sources",""
"OA","Annual population","68","France","511","Total Population - Both sexes","3010","Population - Est. & Proj.","1984","1984","1000 persons","54965.164","X","International reliable sources",""
"OA","Annual population","68","France","511","Total Population - Both sexes","3010","Population - Est. & Proj.","1985","1985","1000 persons","55254.848","X","International reliable sources",""
"OA","Annual population","68","France","511","Total Population - Both sexes","3010","Population - Est. & Proj.","1986","1986","1000 persons","55545.273","X","International reliable sources",""
"OA","Annual population","68","France","511","Total Population - Both sexes","3010","Population - Est. & Proj.","1987","1987","1000 persons","55837.627","X","International reliable sources",""
"OA","Annual population","68","France","511","Total Population - Both sexes","3010","Population - Est. & Proj.","1988","1988","1000 persons","56126.325","X","International reliable sources",""
"OA","Annual population","68","France","511","Total Population - Both sexes","3010","Population - Est. & Proj.","1989","1989","1000 persons","56404.304","X","International reliable sources",""
"OA","Annual population","68","France","511","Total Population - Both sexes","3010","Population - Est. & Proj.","1990","1990","1000 persons","56666.849","X","International reliable sources",""
"OA","Annual population","68","France","511","Total Population - Both sexes","3010","Population - Est. & Proj.","1991","1991","1000 persons","56913.587","X","International reliable sources",""
"OA","Annual population","68","France","511","Total Population - Both sexes","3010","Population - Est. & Proj.","1992","1992","1000 persons","57147.213","X","International reliable sources",""
"OA","Annual population","68","France","511","Total Population - Both sexes","3010","Population - Est. & Proj.","1993","1993","1000 persons","57370.381","X","International reliable sources",""
"OA","Annual population","68","France","511","Total Population - Both sexes","3010","Population - Est. & Proj.","1994","1994","1000 persons","57587.131","X","International reliable sources",""
"OA","Annual population","68","France","511","Total Population - Both sexes","3010","Population - Est. & Proj.","1995","1995","1000 persons","57801.892","X","International reliable sources",""
"OA","Annual population","68","France","511","Total Population - Both sexes","3010","Population - Est. & Proj.","1996","1996","1000 persons","58012.058","X","International reliable sources",""
"OA","Annual population","68","France","511","Total Population - Both sexes","3010","Population - Est. & Proj.","1997","1997","1000 persons","58220.659","X","International reliable sources",""
"OA","Annual population","68","France","511","Total Population - Both sexes","3010","Population - Est. & Proj.","1998","1998","1000 persons","58444.246","X","International reliable sources",""
"OA","Annual population","68","France","511","Total Population - Both sexes","3010","Population - Est. & Proj.","1999","1999","1000 persons","58704.381","X","International reliable sources",""
"OA","Annual population","68","France","511","Total Population - Both sexes","3010","Population - Est. & Proj.","2000","2000","1000 persons","59015.096","X","International reliable sources",""
"OA","Annual population","68","France","511","Total Population - Both sexes","3010","Population - Est. & Proj.","2001","2001","1000 persons","59384.132","X","International reliable sources",""
"OA","Annual population","68","France","511","Total Population - Both sexes","3010","Population - Est. & Proj.","2002","2002","1000 persons","59803.441","X","International reliable sources",""
"OA","Annual population","68","France","511","Total Population - Both sexes","3010","Population - Est. & Proj.","2003","2003","1000 persons","60251.588","X","International reliable sources",""
"OA","Annual population","68","France","511","Total Population - Both sexes","3010","Population - Est. & Proj.","2004","2004","1000 persons","60697.981","X","International reliable sources",""
"OA","Annual population","68","France","511","Total Population - Both sexes","3010","Population - Est. & Proj.","2005","2005","1000 persons","61120.127","X","International reliable sources",""
"OA","Annual population","68","France","511","Total Population - Both sexes","3010","Population - Est. & Proj.","2006","2006","1000 persons","61508.926","X","International reliable sources",""
"OA","Annual population","68","France","511","Total Population - Both sexes","3010","Population - Est. & Proj.","2007","2007","1000 persons","61869.227","X","International reliable sources",""
"OA","Annual population","68","France","511","Total Population - Both sexes","3010","Population - Est. & Proj.","2008","2008","1000 persons","62209.207","X","International reliable sources",""
"OA","Annual population","68","France","511","Total Population - Both sexes","3010","Population - Est. & Proj.","2009","2009","1000 persons","62542.9","X","International reliable sources",""
"OA","Annual population","68","France","511","Total Population - Both sexes","3010","Population - Est. & Proj.","2010","2010","1000 persons","62879.53","X","International reliable sources",""
"OA","Annual population","68","France","511","Total Population - Both sexes","3010","Population - Est. & Proj.","2011","2011","1000 persons","63222.227","X","International reliable sources",""
"OA","Annual population","68","France","511","Total Population - Both sexes","3010","Population - Est. & Proj.","2012","2012","1000 persons","63564.221","X","International reliable sources",""
"OA","Annual population","68","France","511","Total Population - Both sexes","3010","Population - Est. & Proj.","2013","2013","1000 persons","63893.525","X","International reliable sources",""
"OA","Annual population","68","France","511","Total Population - Both sexes","3010","Population - Est. & Proj.","2014","2014","1000 persons","64193.55","X","International reliable sources",""
"OA","Annual population","68","France","511","Total Population - Both sexes","3010","Population - Est. & Proj.","2015","2015","1000 persons","64453.2","X","International reliable sources",""
"OA","Annual population","68","France","511","Total Population - Both sexes","3010","Population - Est. & Proj.","2016","2016","1000 persons","64667.596","X","International reliable sources",""
"OA","Annual population","68","France","511","Total Population - Both sexes","3010","Population - Est. & Proj.","2017","2017","1000 persons","64842.509","X","International reliable sources",""
"OA","Annual population","68","France","511","Total Population - Both sexes","3010","Population - Est. & Proj.","2018","2018","1000 persons","64990.511","X","International reliable sources",""
"OA","Annual population","79","Germany","511","Total Population - Both sexes","3010","Population - Est. & Proj.","1950","1950","1000 persons","69966.243","X","International reliable sources","UNDESA, Population Division – World Population Prospects, the 2017 Revision"
"OA","Annual population","79","Germany","511","Total Population - Both sexes","3010","Population - Est. & Proj.","1951","1951","1000 persons","70300.01","X","International reliable sources",""
"OA","Annual population","79","Germany","511","Total Population - Both sexes","3010","Population - Est. & Proj.","1952","1952","1000 persons","70620.277","X","International reliable sources",""
"OA","Annual population","79","Germany","511","Total Population - Both sexes","3010","Population - Est. & Proj.","1953","1953","1000 persons","70929.844","X","International reliable sources",""
"OA","Annual population","79","Germany","511","Total Population - Both sexes","3010","Population - Est. & Proj.","1954","1954","1000 persons","71233.392","X","International reliable sources",""
"OA","Annual population","79","Germany","511","Total Population - Both sexes","3010","Population - Est. & Proj.","1955","1955","1000 persons","71537.459","X","International reliable sources",""
"OA","Annual population","79","Germany","511","Total Population - Both sexes","3010","Population - Est. & Proj.","1956","1956","1000 persons","71850.649","X","International reliable sources",""
"OA","Annual population","79","Germany","511","Total Population - Both sexes","3010","Population - Est. & Proj.","1957","1957","1000 persons","72183.458","X","International reliable sources",""
"OA","Annual population","79","Germany","511","Total Population - Both sexes","3010","Population - Est. & Proj.","1958","1958","1000 persons","72547.578","X","International reliable sources",""
"OA","Annual population","79","Germany","511","Total Population - Both sexes","3010","Population - Est. & Proj.","1959","1959","1000 persons","72954.886","X","International reliable sources",""
"OA","Annual population","79","Germany","511","Total Population - Both sexes","3010","Population - Est. & Proj.","1960","1960","1000 persons","73414.239","X","International reliable sources",""
"OA","Annual population","79","Germany","511","Total Population - Both sexes","3010","Population - Est. & Proj.","1961","1961","1000 persons","73928.082","X","International reliable sources",""
"OA","Annual population","79","Germany","511","Total Population - Both sexes","3010","Population - Est. & Proj.","1962","1962","1000 persons","74489.454","X","International reliable sources",""
"OA","Annual population","79","Germany","511","Total Population - Both sexes","3010","Population - Est. & Proj.","1963","1963","1000 persons","75080.748","X","International reliable sources",""
"OA","Annual population","79","Germany","511","Total Population - Both sexes","3010","Population - Est. & Proj.","1964","1964","1000 persons","75677.307","X","International reliable sources",""
"OA","Annual population","79","Germany","511","Total Population - Both sexes","3010","Population - Est. & Proj.","1965","1965","1000 persons","76258.032","X","International reliable sources",""
"OA","Annual population","79","Germany","511","Total Population - Both sexes","3010","Population - Est. & Proj.","1966","1966","1000 persons","76819.577","X","International reliable sources",""
"OA","Annual population","79","Germany","511","Total Population - Both sexes","3010","Population - Est. & Proj.","1967","1967","1000 persons","77357.255","X","International reliable sources",""
"OA","Annual population","79","Germany","511","Total Population - Both sexes","3010","Population - Est. & Proj.","1968","1968","1000 persons","77847.179","X","International reliable sources",""
"OA","Annual population","79","Germany","511","Total Population - Both sexes","3010","Population - Est. & Proj.","1969","1969","1000 persons","78260.755","X","International reliable sources",""
"OA","Annual population","79","Germany","511","Total Population - Both sexes","3010","Population - Est. & Proj.","1970","1970","1000 persons","78578.385","X","International reliable sources",""
"OA","Annual population","79","Germany","511","Total Population - Both sexes","3010","Population - Est. & Proj.","1971","1971","1000 persons","78789.939","X","International reliable sources",""
"OA","Annual population","79","Germany","511","Total Population - Both sexes","3010","Population - Est. & Proj.","1972","1972","1000 persons","78901.818","X","International reliable sources",""
"OA","Annual population","79","Germany","511","Total Population - Both sexes","3010","Population - Est. & Proj.","1973","1973","1000 persons","78932.455","X","International reliable sources",""
"OA","Annual population","79","Germany","511","Total Population - Both sexes","3010","Population - Est. & Proj.","1974","1974","1000 persons","78909.807","X","International reliable sources",""
"OA","Annual population","79","Germany","511","Total Population - Both sexes","3010","Population - Est. & Proj.","1975","1975","1000 persons","78856.039","X","International reliable sources",""
"OA","Annual population","79","Germany","511","Total Population - Both sexes","3010","Population - Est. & Proj.","1976","1976","1000 persons","78781.733","X","International reliable sources",""
"OA","Annual population","79","Germany","511","Total Population - Both sexes","3010","Population - Est. & Proj.","1977","1977","1000 persons","78687.323","X","International reliable sources",""
"OA","Annual population","79","Germany","511","Total Population - Both sexes","3010","Population - Est. & Proj.","1978","1978","1000 persons","78573.586","X","International reliable sources",""
"OA","Annual population","79","Germany","511","Total Population - Both sexes","3010","Population - Est. & Proj.","1979","1979","1000 persons","78438.164","X","International reliable sources",""
"OA","Annual population","79","Germany","511","Total Population - Both sexes","3010","Population - Est. & Proj.","1980","1980","1000 persons","78283.1","X","International reliable sources",""
"OA","Annual population","79","Germany","511","Total Population - Both sexes","3010","Population - Est. & Proj.","1981","1981","1000 persons","78107.857","X","International reliable sources",""
"OA","Annual population","79","Germany","511","Total Population - Both sexes","3010","Population - Est. & Proj.","1982","1982","1000 persons","77926.011","X","International reliable sources",""
"OA","Annual population","79","Germany","511","Total Population - Both sexes","3010","Population - Est. & Proj.","1983","1983","1000 persons","77770.213","X","International reliable sources",""
"OA","Annual population","79","Germany","511","Total Population - Both sexes","3010","Population - Est. & Proj.","1984","1984","1000 persons","77682.295","X","International reliable sources",""
"OA","Annual population","79","Germany","511","Total Population - Both sexes","3010","Population - Est. & Proj.","1985","1985","1000 persons","77691.595","X","International reliable sources",""
"OA","Annual population","79","Germany","511","Total Population - Both sexes","3010","Population - Est. & Proj.","1986","1986","1000 persons","77806.147","X","International reliable sources",""
"OA","Annual population","79","Germany","511","Total Population - Both sexes","3010","Population - Est. & Proj.","1987","1987","1000 persons","78015.731","X","International reliable sources",""
"OA","Annual population","79","Germany","511","Total Population - Both sexes","3010","Population - Est. & Proj.","1988","1988","1000 persons","78307.525","X","International reliable sources",""
"OA","Annual population","79","Germany","511","Total Population - Both sexes","3010","Population - Est. & Proj.","1989","1989","1000 persons","78660.303","X","International reliable sources",""
"OA","Annual population","79","Germany","511","Total Population - Both sexes","3010","Population - Est. & Proj.","1990","1990","1000 persons","79053.984","X","International reliable sources",""
"OA","Annual population","79","Germany","511","Total Population - Both sexes","3010","Population - Est. & Proj.","1991","1991","1000 persons","79490.835","X","International reliable sources",""
"OA","Annual population","79","Germany","511","Total Population - Both sexes","3010","Population - Est. & Proj.","1992","1992","1000 persons","79963.159","X","International reliable sources",""
"OA","Annual population","79","Germany","511","Total Population - Both sexes","3010","Population - Est. & Proj.","1993","1993","1000 persons","80428.556","X","International reliable sources",""
"OA","Annual population","79","Germany","511","Total Population - Both sexes","3010","Population - Est. & Proj.","1994","1994","1000 persons","80832.937","X","International reliable sources",""
"OA","Annual population","79","Germany","511","Total Population - Both sexes","3010","Population - Est. & Proj.","1995","1995","1000 persons","81138.659","X","International reliable sources",""
"OA","Annual population","79","Germany","511","Total Population - Both sexes","3010","Population - Est. & Proj.","1996","1996","1000 persons","81323.664","X","International reliable sources",""
"OA","Annual population","79","Germany","511","Total Population - Both sexes","3010","Population - Est. & Proj.","1997","1997","1000 persons","81399.251","X","International reliable sources",""
"OA","Annual population","79","Germany","511","Total Population - Both sexes","3010","Population - Est. & Proj.","1998","1998","1000 persons","81402.673","X","International reliable sources",""
"OA","Annual population","79","Germany","511","Total Population - Both sexes","3010","Population - Est. & Proj.","1999","1999","1000 persons","81389.927","X","International reliable sources",""
"OA","Annual population","79","Germany","511","Total Population - Both sexes","3010","Population - Est. & Proj.","2000","2000","1000 persons","81400.882","X","International reliable sources",""
"OA","Annual population","79","Germany","511","Total Population - Both sexes","3010","Population - Est. & Proj.","2001","2001","1000 persons","81453.885","X","International reliable sources",""
"OA","Annual population","79","Germany","511","Total Population - Both sexes","3010","Population - Est. & Proj.","2002","2002","1000 persons","81535.122","X","International reliable sources",""
"OA","Annual population","79","Germany","511","Total Population - Both sexes","3010","Population - Est. & Proj.","2003","2003","1000 persons","81614.38","X","International reliable sources",""
"OA","Annual population","79","Germany","511","Total Population - Both sexes","3010","Population - Est. & Proj.","2004","2004","1000 persons","81646.474","X","International reliable sources",""
"OA","Annual population","79","Germany","511","Total Population - Both sexes","3010","Population - Est. & Proj.","2005","2005","1000 persons","81602.741","X","International reliable sources",""
"OA","Annual population","79","Germany","511","Total Population - Both sexes","3010","Population - Est. & Proj.","2006","2006","1000 persons","81472.226","X","International reliable sources",""
"OA","Annual population","79","Germany","511","Total Population - Both sexes","3010","Population - Est. & Proj.","2007","2007","1000 persons","81277.83","X","International reliable sources",""
"OA","Annual population","79","Germany","511","Total Population - Both sexes","3010","Population - Est. & Proj.","2008","2008","1000 persons","81065.752","X","International reliable sources",""
"OA","Annual population","79","Germany","511","Total Population - Both sexes","3010","Population - Est. & Proj.","2009","2009","1000 persons","80899.961","X","International reliable sources",""
"OA","Annual population","79","Germany","511","Total Population - Both sexes","3010","Population - Est. & Proj.","2010","2010","1000 persons","80827.002","X","International reliable sources",""
"OA","Annual population","79","Germany","511","Total Population - Both sexes","3010","Population - Est. & Proj.","2011","2011","1000 persons","80855.632","X","International reliable sources",""
"OA","Annual population","79","Germany","511","Total Population - Both sexes","3010","Population - Est. & Proj.","2012","2012","1000 persons","80972.628","X","International reliable sources",""
"OA","Annual population","79","Germany","511","Total Population - Both sexes","3010","Population - Est. & Proj.","2013","2013","1000 persons","81174.367","X","International reliable sources",""
"OA","Annual population","79","Germany","511","Total Population - Both sexes","3010","Population - Est. & Proj.","2014","2014","1000 persons","81450.378","X","International reliable sources",""
"OA","Annual population","79","Germany","511","Total Population - Both sexes","3010","Population - Est. & Proj.","2015","2015","1000 persons","81787.411","X","International reliable sources",""
"OA","Annual population","79","Germany","511","Total Population - Both sexes","3010","Population - Est. & Proj.","2016","2016","1000 persons","82193.768","X","International reliable sources",""
"OA","Annual population","79","Germany","511","Total Population - Both sexes","3010","Population - Est. & Proj.","2017","2017","1000 persons","82658.409","X","International reliable sources",""
"OA","Annual population","79","Germany","511","Total Population - Both sexes","3010","Population - Est. & Proj.","2018","2018","1000 persons","83124.418","X","International reliable sources",""
"OA","Annual population","106","Italy","511","Total Population - Both sexes","3010","Population - Est. & Proj.","1950","1950","1000 persons","46598.601","X","International reliable sources","UNDESA, Population Division – World Population Prospects, the 2017 Revision"
"OA","Annual population","106","Italy","511","Total Population - Both sexes","3010","Population - Est. & Proj.","1951","1951","1000 persons","47009.982","X","International reliable sources",""
"OA","Annual population","106","Italy","511","Total Population - Both sexes","3010","Population - Est. & Proj.","1952","1952","1000 persons","47390.568","X","International reliable sources",""
"OA","Annual population","106","Italy","511","Total Population - Both sexes","3010","Population - Est. & Proj.","1953","1953","1000 persons","47737.391","X","International reliable sources",""
"OA","Annual population","106","Italy","511","Total Population - Both sexes","3010","Population - Est. & Proj.","1954","1954","1000 persons","48051.033","X","International reliable sources",""
"OA","Annual population","106","Italy","511","Total Population - Both sexes","3010","Population - Est. & Proj.","1955","1955","1000 persons","48335.578","X","International reliable sources",""
"OA","Annual population","106","Italy","511","Total Population - Both sexes","3010","Population - Est. & Proj.","1956","1956","1000 persons","48598.908","X","International reliable sources",""
"OA","Annual population","106","Italy","511","Total Population - Both sexes","3010","Population - Est. & Proj.","1957","1957","1000 persons","48852.439","X","International reliable sources",""
"OA","Annual population","106","Italy","511","Total Population - Both sexes","3010","Population - Est. & Proj.","1958","1958","1000 persons","49110.364","X","International reliable sources",""
"OA","Annual population","106","Italy","511","Total Population - Both sexes","3010","Population - Est. & Proj.","1959","1959","1000 persons","49388.391","X","International reliable sources",""
"OA","Annual population","106","Italy","511","Total Population - Both sexes","3010","Population - Est. & Proj.","1960","1960","1000 persons","49699.951","X","International reliable sources",""
"OA","Annual population","106","Italy","511","Total Population - Both sexes","3010","Population - Est. & Proj.","1961","1961","1000 persons","50052.172","X","International reliable sources",""
"OA","Annual population","106","Italy","511","Total Population - Both sexes","3010","Population - Est. & Proj.","1962","1962","1000 persons","50442.339","X","International reliable sources",""
"OA","Annual population","106","Italy","511","Total Population - Both sexes","3010","Population - Est. & Proj.","1963","1963","1000 persons","50856.405","X","International reliable sources",""
"OA","Annual population","106","Italy","511","Total Population - Both sexes","3010","Population - Est. & Proj.","1964","1964","1000 persons","51273.231","X","International reliable sources",""
"OA","Annual population","106","Italy","511","Total Population - Both sexes","3010","Population - Est. & Proj.","1965","1965","1000 persons","51677.257","X","International reliable sources",""
"OA","Annual population","106","Italy","511","Total Population - Both sexes","3010","Population - Est. & Proj.","1966","1966","1000 persons","52062.754","X","International reliable sources",""
"OA","Annual population","106","Italy","511","Total Population - Both sexes","3010","Population - Est. & Proj.","1967","1967","1000 persons","52433.489","X","International reliable sources",""
"OA","Annual population","106","Italy","511","Total Population - Both sexes","3010","Population - Est. & Proj.","1968","1968","1000 persons","52794.523","X","International reliable sources",""
"OA","Annual population","106","Italy","511","Total Population - Both sexes","3010","Population - Est. & Proj.","1969","1969","1000 persons","53154.573","X","International reliable sources",""
"OA","Annual population","106","Italy","511","Total Population - Both sexes","3010","Population - Est. & Proj.","1970","1970","1000 persons","53518.969","X","International reliable sources",""
"OA","Annual population","106","Italy","511","Total Population - Both sexes","3010","Population - Est. & Proj.","1971","1971","1000 persons","53888.874","X","International reliable sources",""
"OA","Annual population","106","Italy","511","Total Population - Both sexes","3010","Population - Est. & Proj.","1972","1972","1000 persons","54258.741","X","International reliable sources",""
"OA","Annual population","106","Italy","511","Total Population - Both sexes","3010","Population - Est. & Proj.","1973","1973","1000 persons","54619.237","X","International reliable sources",""
"OA","Annual population","106","Italy","511","Total Population - Both sexes","3010","Population - Est. & Proj.","1974","1974","1000 persons","54957.794","X","International reliable sources",""
"OA","Annual population","106","Italy","511","Total Population - Both sexes","3010","Population - Est. & Proj.","1975","1975","1000 persons","55265.284","X","International reliable sources",""
"OA","Annual population","106","Italy","511","Total Population - Both sexes","3010","Population - Est. & Proj.","1976","1976","1000 persons","55537.956","X","International reliable sources",""
"OA","Annual population","106","Italy","511","Total Population - Both sexes","3010","Population - Est. & Proj.","1977","1977","1000 persons","55777.88","X","International reliable sources",""
"OA","Annual population","106","Italy","511","Total Population - Both sexes","3010","Population - Est. & Proj.","1978","1978","1000 persons","55988.981","X","International reliable sources",""
"OA","Annual population","106","Italy","511","Total Population - Both sexes","3010","Population - Est. & Proj.","1979","1979","1000 persons","56177.851","X","International reliable sources",""
"OA","Annual population","106","Italy","511","Total Population - Both sexes","3010","Population - Est. & Proj.","1980","1980","1000 persons","56349.349","X","International reliable sources",""
"OA","Annual population","106","Italy","511","Total Population - Both sexes","3010","Population - Est. & Proj.","1981","1981","1000 persons","56505.478","X","International reliable sources",""
"OA","Annual population","106","Italy","511","Total Population - Both sexes","3010","Population - Est. & Proj.","1982","1982","1000 persons","56644.863","X","International reliable sources",""
"OA","Annual population","106","Italy","511","Total Population - Both sexes","3010","Population - Est. & Proj.","1983","1983","1000 persons","56765.251","X","International reliable sources",""
"OA","Annual population","106","Italy","511","Total Population - Both sexes","3010","Population - Est. & Proj.","1984","1984","1000 persons","56863.137","X","International reliable sources",""
"OA","Annual population","106","Italy","511","Total Population - Both sexes","3010","Population - Est. & Proj.","1985","1985","1000 persons","56936.774","X","International reliable sources",""
"OA","Annual population","106","Italy","511","Total Population - Both sexes","3010","Population - Est. & Proj.","1986","1986","1000 persons","56983.931","X","International reliable sources",""
"OA","Annual population","106","Italy","511","Total Population - Both sexes","3010","Population - Est. & Proj.","1987","1987","1000 persons","57007.741","X","International reliable sources",""
"OA","Annual population","106","Italy","511","Total Population - Both sexes","3010","Population - Est. & Proj.","1988","1988","1000 persons","57018.183","X","International reliable sources",""
"OA","Annual population","106","Italy","511","Total Population - Both sexes","3010","Population - Est. & Proj.","1989","1989","1000 persons","57028.703","X","International reliable sources",""
"OA","Annual population","106","Italy","511","Total Population - Both sexes","3010","Population - Est. & Proj.","1990","1990","1000 persons","57048.236","X","International reliable sources",""
"OA","Annual population","106","Italy","511","Total Population - Both sexes","3010","Population - Est. & Proj.","1991","1991","1000 persons","57088.113","X","International reliable sources",""
"OA","Annual population","106","Italy","511","Total Population - Both sexes","3010","Population - Est. & Proj.","1992","1992","1000 persons","57145.306","X","International reliable sources",""
"OA","Annual population","106","Italy","511","Total Population - Both sexes","3010","Population - Est. & Proj.","1993","1993","1000 persons","57197.613","X","International reliable sources",""
"OA","Annual population","106","Italy","511","Total Population - Both sexes","3010","Population - Est. & Proj.","1994","1994","1000 persons","57213.544","X","International reliable sources",""
"OA","Annual population","106","Italy","511","Total Population - Both sexes","3010","Population - Est. & Proj.","1995","1995","1000 persons","57174.408","X","International reliable sources",""
"OA","Annual population","106","Italy","511","Total Population - Both sexes","3010","Population - Est. & Proj.","1996","1996","1000 persons","57065.225","X","International reliable sources",""
"OA","Annual population","106","Italy","511","Total Population - Both sexes","3010","Population - Est. & Proj.","1997","1997","1000 persons","56903.64","X","International reliable sources",""
"OA","Annual population","106","Italy","511","Total Population - Both sexes","3010","Population - Est. & Proj.","1998","1998","1000 persons","56742.76","X","International reliable sources",""
"OA","Annual population","106","Italy","511","Total Population - Both sexes","3010","Population - Est. & Proj.","1999","1999","1000 persons","56655.632","X","International reliable sources",""
"OA","Annual population","106","Italy","511","Total Population - Both sexes","3010","Population - Est. & Proj.","2000","2000","1000 persons","56692.178","X","International reliable sources",""
"OA","Annual population","106","Italy","511","Total Population - Both sexes","3010","Population - Est. & Proj.","2001","2001","1000 persons","56875.147","X","International reliable sources",""
"OA","Annual population","106","Italy","511","Total Population - Both sexes","3010","Population - Est. & Proj.","2002","2002","1000 persons","57182.519","X","International reliable sources",""
"OA","Annual population","106","Italy","511","Total Population - Both sexes","3010","Population - Est. & Proj.","2003","2003","1000 persons","57564.588","X","International reliable sources",""
"OA","Annual population","106","Italy","511","Total Population - Both sexes","3010","Population - Est. & Proj.","2004","2004","1000 persons","57948.424","X","International reliable sources",""
"OA","Annual population","106","Italy","511","Total Population - Both sexes","3010","Population - Est. & Proj.","2005","2005","1000 persons","58281.212","X","International reliable sources",""
"OA","Annual population","106","Italy","511","Total Population - Both sexes","3010","Population - Est. & Proj.","2006","2006","1000 persons","58542.619","X","International reliable sources",""
"OA","Annual population","106","Italy","511","Total Population - Both sexes","3010","Population - Est. & Proj.","2007","2007","1000 persons","58747.861","X","International reliable sources",""
"OA","Annual population","106","Italy","511","Total Population - Both sexes","3010","Population - Est. & Proj.","2008","2008","1000 persons","58922.109","X","International reliable sources",""
"OA","Annual population","106","Italy","511","Total Population - Both sexes","3010","Population - Est. & Proj.","2009","2009","1000 persons","59105.625","X","International reliable sources",""
"OA","Annual population","106","Italy","511","Total Population - Both sexes","3010","Population - Est. & Proj.","2010","2010","1000 persons","59325.229","X","International reliable sources",""
"OA","Annual population","106","Italy","511","Total Population - Both sexes","3010","Population - Est. & Proj.","2011","2011","1000 persons","59589.076","X","International reliable sources",""
"OA","Annual population","106","Italy","511","Total Population - Both sexes","3010","Population - Est. & Proj.","2012","2012","1000 persons","59879.471","X","International reliable sources",""
"OA","Annual population","106","Italy","511","Total Population - Both sexes","3010","Population - Est. & Proj.","2013","2013","1000 persons","60166.83","X","International reliable sources",""
"OA","Annual population","106","Italy","511","Total Population - Both sexes","3010","Population - Est. & Proj.","2014","2014","1000 persons","60409.62","X","International reliable sources",""
"OA","Annual population","106","Italy","511","Total Population - Both sexes","3010","Population - Est. & Proj.","2015","2015","1000 persons","60578.494","X","International reliable sources",""
"OA","Annual population","106","Italy","511","Total Population - Both sexes","3010","Population - Est. & Proj.","2016","2016","1000 persons","60663.06","X","International reliable sources",""
"OA","Annual population","106","Italy","511","Total Population - Both sexes","3010","Population - Est. & Proj.","2017","2017","1000 persons","60673.701","X","International reliable sources",""
"OA","Annual population","106","Italy","511","Total Population - Both sexes","3010","Population - Est. & Proj.","2018","2018","1000 persons","60627.291","X","International reliable sources",""
"OA","Annual population","125","Liechtenstein","511","Total Population - Both sexes","3010","Population - Est. & Proj.","1950","1950","1000 persons","13.758","X","International reliable sources","UNDESA, Population Division – World Population Prospects, the 2017 Revision"
"OA","Annual population","125","Liechtenstein","511","Total Population - Both sexes","3010","Population - Est. & Proj.","1951","1951","1000 persons","13.941","X","International reliable sources",""
"OA","Annual population","125","Liechtenstein","511","Total Population - Both sexes","3010","Population - Est. & Proj.","1952","1952","1000 persons","14.127","X","International reliable sources",""
"OA","Annual population","125","Liechtenstein","511","Total Population - Both sexes","3010","Population - Est. & Proj.","1953","1953","1000 persons","14.338","X","International reliable sources","UNDESA, Population Division – World Population Prospects, the 2017 Revision"
"OA","Annual population","125","Liechtenstein","511","Total Population - Both sexes","3010","Population - Est. & Proj.","1954","1954","1000 persons","14.568","X","International reliable sources","UNDESA, Population Division – World Population Prospects, the 2017 Revision"
"OA","Annual population","125","Liechtenstein","511","Total Population - Both sexes","3010","Population - Est. & Proj.","1955","1955","1000 persons","14.83","X","International reliable sources",""
"OA","Annual population","125","Liechtenstein","511","Total Population - Both sexes","3010","Population - Est. & Proj.","1956","1956","1000 persons","15.111","X","International reliable sources",""
"OA","Annual population","125","Liechtenstein","511","Total Population - Both sexes","3010","Population - Est. & Proj.","1957","1957","1000 persons","15.429","X","International reliable sources",""
"OA","Annual population","125","Liechtenstein","511","Total Population - Both sexes","3010","Population - Est. & Proj.","1958","1958","1000 persons","15.765","X","International reliable sources",""
"OA","Annual population","125","Liechtenstein","511","Total Population - Both sexes","3010","Population - Est. & Proj.","1959","1959","1000 persons","16.124","X","International reliable sources",""
"OA","Annual population","125","Liechtenstein","511","Total Population - Both sexes","3010","Population - Est. & Proj.","1960","1960","1000 persons","16.493","X","International reliable sources",""
"OA","Annual population","125","Liechtenstein","511","Total Population - Both sexes","3010","Population - Est. & Proj.","1961","1961","1000 persons","16.893","X","International reliable sources",""
"OA","Annual population","125","Liechtenstein","511","Total Population - Both sexes","3010","Population - Est. & Proj.","1962","1962","1000 persons","17.289","X","International reliable sources",""
"OA","Annual population","125","Liechtenstein","511","Total Population - Both sexes","3010","Population - Est. & Proj.","1963","1963","1000 persons","17.719","X","International reliable sources",""
"OA","Annual population","125","Liechtenstein","511","Total Population - Both sexes","3010","Population - Est. & Proj.","1964","1964","1000 persons","18.168","X","International reliable sources",""
"OA","Annual population","125","Liechtenstein","511","Total Population - Both sexes","3010","Population - Est. & Proj.","1965","1965","1000 persons","18.649","X","International reliable sources","UNDESA, Population Division – World Population Prospects, the 2017 Revision"
"OA","Annual population","125","Liechtenstein","511","Total Population - Both sexes","3010","Population - Est. & Proj.","1966","1966","1000 persons","19.152","X","International reliable sources",""
"OA","Annual population","125","Liechtenstein","511","Total Population - Both sexes","3010","Population - Est. & Proj.","1967","1967","1000 persons","19.691","X","International reliable sources","UNDESA, Population Division – World Population Prospects, the 2017 Revision"
"OA","Annual population","125","Liechtenstein","511","Total Population - Both sexes","3010","Population - Est. & Proj.","1968","1968","1000 persons","20.235","X","International reliable sources",""
"OA","Annual population","125","Liechtenstein","511","Total Population - Both sexes","3010","Population - Est. & Proj.","1969","1969","1000 persons","20.766","X","International reliable sources",""
"OA","Annual population","125","Liechtenstein","511","Total Population - Both sexes","3010","Population - Est. & Proj.","1970","1970","1000 persons","21.266","X","International reliable sources",""
"OA","Annual population","125","Liechtenstein","511","Total Population - Both sexes","3010","Population - Est. & Proj.","1971","1971","1000 persons","21.728","X","International reliable sources",""
"OA","Annual population","125","Liechtenstein","511","Total Population - Both sexes","3010","Population - Est. & Proj.","1972","1972","1000 persons","22.151","X","International reliable sources","UNDESA, Population Division – World Population Prospects, the 2017 Revision"
"OA","Annual population","125","Liechtenstein","511","Total Population - Both sexes","3010","Population - Est. & Proj.","1973","1973","1000 persons","22.563","X","International reliable sources","UNDESA, Population Division – World Population Prospects, the 2017 Revision"
"OA","Annual population","125","Liechtenstein","511","Total Population - Both sexes","3010","Population - Est. & Proj.","1974","1974","1000 persons","22.983","X","International reliable sources",""
"OA","Annual population","125","Liechtenstein","511","Total Population - Both sexes","3010","Population - Est. & Proj.","1975","1975","1000 persons","23.438","X","International reliable sources",""
"OA","Annual population","125","Liechtenstein","511","Total Population - Both sexes","3010","Population - Est. & Proj.","1976","1976","1000 persons","23.931","X","International reliable sources",""
"OA","Annual population","125","Liechtenstein","511","Total Population - Both sexes","3010","Population - Est. & Proj.","1977","1977","1000 persons","24.448","X","International reliable sources",""
"OA","Annual population","125","Liechtenstein","511","Total Population - Both sexes","3010","Population - Est. & Proj.","1978","1978","1000 persons","24.975","X","International reliable sources",""
"OA","Annual population","125","Liechtenstein","511","Total Population - Both sexes","3010","Population - Est. & Proj.","1979","1979","1000 persons","25.459","X","International reliable sources",""
"OA","Annual population","125","Liechtenstein","511","Total Population - Both sexes","3010","Population - Est. & Proj.","1980","1980","1000 persons","25.879","X","International reliable sources",""
"OA","Annual population","125","Liechtenstein","511","Total Population - Both sexes","3010","Population - Est. & Proj.","1981","1981","1000 persons","26.238","X","International reliable sources",""
"OA","Annual population","125","Liechtenstein","511","Total Population - Both sexes","3010","Population - Est. & Proj.","1982","1982","1000 persons","26.536","X","International reliable sources",""
"OA","Annual population","125","Liechtenstein","511","Total Population - Both sexes","3010","Population - Est. & Proj.","1983","1983","1000 persons","26.789","X","International reliable sources",""
"OA","Annual population","125","Liechtenstein","511","Total Population - Both sexes","3010","Population - Est. & Proj.","1984","1984","1000 persons","27.036","X","International reliable sources",""
"OA","Annual population","125","Liechtenstein","511","Total Population - Both sexes","3010","Population - Est. & Proj.","1985","1985","1000 persons","27.288","X","International reliable sources",""
"OA","Annual population","125","Liechtenstein","511","Total Population - Both sexes","3010","Population - Est. & Proj.","1986","1986","1000 persons","27.559","X","International reliable sources",""
"OA","Annual population","125","Liechtenstein","511","Total Population - Both sexes","3010","Population - Est. & Proj.","1987","1987","1000 persons","27.837","X","International reliable sources",""
"OA","Annual population","125","Liechtenstein","511","Total Population - Both sexes","3010","Population - Est. & Proj.","1988","1988","1000 persons","28.129","X","International reliable sources",""
"OA","Annual population","125","Liechtenstein","511","Total Population - Both sexes","3010","Population - Est. & Proj.","1989","1989","1000 persons","28.449","X","International reliable sources",""
"OA","Annual population","125","Liechtenstein","511","Total Population - Both sexes","3010","Population - Est. & Proj.","1990","1990","1000 persons","28.789","X","International reliable sources",""
"OA","Annual population","125","Liechtenstein","511","Total Population - Both sexes","3010","Population - Est. & Proj.","1991","1991","1000 persons","29.159","X","International reliable sources",""
"OA","Annual population","125","Liechtenstein","511","Total Population - Both sexes","3010","Population - Est. & Proj.","1992","1992","1000 persons","29.553","X","International reliable sources",""
"OA","Annual population","125","Liechtenstein","511","Total Population - Both sexes","3010","Population - Est. & Proj.","1993","1993","1000 persons","29.975","X","International reliable sources",""
"OA","Annual population","125","Liechtenstein","511","Total Population - Both sexes","3010","Population - Est. & Proj.","1994","1994","1000 persons","30.426","X","International reliable sources",""
"OA","Annual population","125","Liechtenstein","511","Total Population - Both sexes","3010","Population - Est. & Proj.","1995","1995","1000 persons","30.88","X","International reliable sources",""
"OA","Annual population","125","Liechtenstein","511","Total Population - Both sexes","3010","Population - Est. & Proj.","1996","1996","1000 persons","31.348","X","International reliable sources",""
"OA","Annual population","125","Liechtenstein","511","Total Population - Both sexes","3010","Population - Est. & Proj.","1997","1997","1000 persons","31.83","X","International reliable sources",""
"OA","Annual population","125","Liechtenstein","511","Total Population - Both sexes","3010","Population - Est. & Proj.","1998","1998","1000 persons","32.311","X","International reliable sources",""
"OA","Annual population","125","Liechtenstein","511","Total Population - Both sexes","3010","Population - Est. & Proj.","1999","1999","1000 persons","32.769","X","International reliable sources",""
"OA","Annual population","125","Liechtenstein","511","Total Population - Both sexes","3010","Population - Est. & Proj.","2000","2000","1000 persons","33.184","X","International reliable sources",""
"OA","Annual population","125","Liechtenstein","511","Total Population - Both sexes","3010","Population - Est. & Proj.","2001","2001","1000 persons","33.552","X","International reliable sources",""
"OA","Annual population","125","Liechtenstein","511","Total Population - Both sexes","3010","Population - Est. & Proj.","2002","2002","1000 persons","33.879","X","International reliable sources",""
"OA","Annual population","125","Liechtenstein","511","Total Population - Both sexes","3010","Population - Est. & Proj.","2003","2003","1000 persons","34.175","X","International reliable sources",""
"OA","Annual population","125","Liechtenstein","511","Total Population - Both sexes","3010","Population - Est. & Proj.","2004","2004","1000 persons","34.452","X","International reliable sources",""
"OA","Annual population","125","Liechtenstein","511","Total Population - Both sexes","3010","Population - Est. & Proj.","2005","2005","1000 persons","34.713","X","International reliable sources",""
"OA","Annual population","125","Liechtenstein","511","Total Population - Both sexes","3010","Population - Est. & Proj.","2006","2006","1000 persons","34.97","X","International reliable sources",""
"OA","Annual population","125","Liechtenstein","511","Total Population - Both sexes","3010","Population - Est. & Proj.","2007","2007","1000 persons","35.217","X","International reliable sources",""
"OA","Annual population","125","Liechtenstein","511","Total Population - Both sexes","3010","Population - Est. & Proj.","2008","2008","1000 persons","35.471","X","International reliable sources",""
"OA","Annual population","125","Liechtenstein","511","Total Population - Both sexes","3010","Population - Est. & Proj.","2009","2009","1000 persons","35.727","X","International reliable sources",""
"OA","Annual population","125","Liechtenstein","511","Total Population - Both sexes","3010","Population - Est. & Proj.","2010","2010","1000 persons","35.994","X","International reliable sources",""
"OA","Annual population","125","Liechtenstein","511","Total Population - Both sexes","3010","Population - Est. & Proj.","2011","2011","1000 persons","36.293","X","International reliable sources",""
"OA","Annual population","125","Liechtenstein","511","Total Population - Both sexes","3010","Population - Est. & Proj.","2012","2012","1000 persons","36.615","X","International reliable sources",""
"OA","Annual population","125","Liechtenstein","511","Total Population - Both sexes","3010","Population - Est. & Proj.","2013","2013","1000 persons","36.934","X","International reliable sources",""
"OA","Annual population","125","Liechtenstein","511","Total Population - Both sexes","3010","Population - Est. & Proj.","2014","2014","1000 persons","37.223","X","International reliable sources",""
"OA","Annual population","125","Liechtenstein","511","Total Population - Both sexes","3010","Population - Est. & Proj.","2015","2015","1000 persons","37.47","X","International reliable sources",""
"OA","Annual population","125","Liechtenstein","511","Total Population - Both sexes","3010","Population - Est. & Proj.","2016","2016","1000 persons","37.658","X","International reliable sources",""
"OA","Annual population","125","Liechtenstein","511","Total Population - Both sexes","3010","Population - Est. & Proj.","2017","2017","1000 persons","37.8","X","International reliable sources",""
"OA","Annual population","125","Liechtenstein","511","Total Population - Both sexes","3010","Population - Est. & Proj.","2018","2018","1000 persons","37.91","X","International reliable sources",""
"OA","Annual population","211","Switzerland","511","Total Population - Both sexes","3010","Population - Est. & Proj.","1950","1950","1000 persons","4668.086","X","International reliable sources","UNDESA, Population Division – World Population Prospects, the 2017 Revision"
"OA","Annual population","211","Switzerland","511","Total Population - Both sexes","3010","Population - Est. & Proj.","1951","1951","1000 persons","4721.918","X","International reliable sources",""
"OA","Annual population","211","Switzerland","511","Total Population - Both sexes","3010","Population - Est. & Proj.","1952","1952","1000 persons","4781.129","X","International reliable sources",""
"OA","Annual population","211","Switzerland","511","Total Population - Both sexes","3010","Population - Est. & Proj.","1953","1953","1000 persons","4841.5","X","International reliable sources",""
"OA","Annual population","211","Switzerland","511","Total Population - Both sexes","3010","Population - Est. & Proj.","1954","1954","1000 persons","4900.464","X","International reliable sources",""
"OA","Annual population","211","Switzerland","511","Total Population - Both sexes","3010","Population - Est. & Proj.","1955","1955","1000 persons","4957.066","X","International reliable sources",""
"OA","Annual population","211","Switzerland","511","Total Population - Both sexes","3010","Population - Est. & Proj.","1956","1956","1000 persons","5012.095","X","International reliable sources",""
"OA","Annual population","211","Switzerland","511","Total Population - Both sexes","3010","Population - Est. & Proj.","1957","1957","1000 persons","5067.977","X","International reliable sources",""
"OA","Annual population","211","Switzerland","511","Total Population - Both sexes","3010","Population - Est. & Proj.","1958","1958","1000 persons","5128.445","X","International reliable sources",""
"OA","Annual population","211","Switzerland","511","Total Population - Both sexes","3010","Population - Est. & Proj.","1959","1959","1000 persons","5198.061","X","International reliable sources",""
"OA","Annual population","211","Switzerland","511","Total Population - Both sexes","3010","Population - Est. & Proj.","1960","1960","1000 persons","5280.68","X","International reliable sources",""
"OA","Annual population","211","Switzerland","511","Total Population - Both sexes","3010","Population - Est. & Proj.","1961","1961","1000 persons","5377.767","X","International reliable sources",""
"OA","Annual population","211","Switzerland","511","Total Population - Both sexes","3010","Population - Est. & Proj.","1962","1962","1000 persons","5487.043","X","International reliable sources",""
"OA","Annual population","211","Switzerland","511","Total Population - Both sexes","3010","Population - Est. & Proj.","1963","1963","1000 persons","5601.807","X","International reliable sources",""
"OA","Annual population","211","Switzerland","511","Total Population - Both sexes","3010","Population - Est. & Proj.","1964","1964","1000 persons","5712.707","X","International reliable sources",""
"OA","Annual population","211","Switzerland","511","Total Population - Both sexes","3010","Population - Est. & Proj.","1965","1965","1000 persons","5812.851","X","International reliable sources",""
"OA","Annual population","211","Switzerland","511","Total Population - Both sexes","3010","Population - Est. & Proj.","1966","1966","1000 persons","5899.483","X","International reliable sources",""
"OA","Annual population","211","Switzerland","511","Total Population - Both sexes","3010","Population - Est. & Proj.","1967","1967","1000 persons","5973.945","X","International reliable sources",""
"OA","Annual population","211","Switzerland","511","Total Population - Both sexes","3010","Population - Est. & Proj.","1968","1968","1000 persons","6038.333","X","International reliable sources",""
"OA","Annual population","211","Switzerland","511","Total Population - Both sexes","3010","Population - Est. & Proj.","1969","1969","1000 persons","6096.436","X","International reliable sources",""
"OA","Annual population","211","Switzerland","511","Total Population - Both sexes","3010","Population - Est. & Proj.","1970","1970","1000 persons","6150.852","X","International reliable sources",""
"OA","Annual population","211","Switzerland","511","Total Population - Both sexes","3010","Population - Est. & Proj.","1971","1971","1000 persons","6202.949","X","International reliable sources",""
"OA","Annual population","211","Switzerland","511","Total Population - Both sexes","3010","Population - Est. & Proj.","1972","1972","1000 persons","6251.288","X","International reliable sources",""
"OA","Annual population","211","Switzerland","511","Total Population - Both sexes","3010","Population - Est. & Proj.","1973","1973","1000 persons","6292.533","X","International reliable sources",""
"OA","Annual population","211","Switzerland","511","Total Population - Both sexes","3010","Population - Est. & Proj.","1974","1974","1000 persons","6322.013","X","International reliable sources",""
"OA","Annual population","211","Switzerland","511","Total Population - Both sexes","3010","Population - Est. & Proj.","1975","1975","1000 persons","6337.025","X","International reliable sources",""
"OA","Annual population","211","Switzerland","511","Total Population - Both sexes","3010","Population - Est. & Proj.","1976","1976","1000 persons","6335.974","X","International reliable sources",""
"OA","Annual population","211","Switzerland","511","Total Population - Both sexes","3010","Population - Est. & Proj.","1977","1977","1000 persons","6321.815","X","International reliable sources",""
"OA","Annual population","211","Switzerland","511","Total Population - Both sexes","3010","Population - Est. & Proj.","1978","1978","1000 persons","6302.044","X","International reliable sources",""
"OA","Annual population","211","Switzerland","511","Total Population - Both sexes","3010","Population - Est. & Proj.","1979","1979","1000 persons","6286.915","X","International reliable sources",""
"OA","Annual population","211","Switzerland","511","Total Population - Both sexes","3010","Population - Est. & Proj.","1980","1980","1000 persons","6283.832","X","International reliable sources",""
"OA","Annual population","211","Switzerland","511","Total Population - Both sexes","3010","Population - Est. & Proj.","1981","1981","1000 persons","6295.925","X","International reliable sources",""
"OA","Annual population","211","Switzerland","511","Total Population - Both sexes","3010","Population - Est. & Proj.","1982","1982","1000 persons","6321.409","X","International reliable sources",""
"OA","Annual population","211","Switzerland","511","Total Population - Both sexes","3010","Population - Est. & Proj.","1983","1983","1000 persons","6356.745","X","International reliable sources",""
"OA","Annual population","211","Switzerland","511","Total Population - Both sexes","3010","Population - Est. & Proj.","1984","1984","1000 persons","6396.134","X","International reliable sources",""
"OA","Annual population","211","Switzerland","511","Total Population - Both sexes","3010","Population - Est. & Proj.","1985","1985","1000 persons","6435.424","X","International reliable sources",""
"OA","Annual population","211","Switzerland","511","Total Population - Both sexes","3010","Population - Est. & Proj.","1986","1986","1000 persons","6473.044","X","International reliable sources",""
"OA","Annual population","211","Switzerland","511","Total Population - Both sexes","3010","Population - Est. & Proj.","1987","1987","1000 persons","6510.597","X","International reliable sources",""
"OA","Annual population","211","Switzerland","511","Total Population - Both sexes","3010","Population - Est. & Proj.","1988","1988","1000 persons","6550.725","X","International reliable sources",""
"OA","Annual population","211","Switzerland","511","Total Population - Both sexes","3010","Population - Est. & Proj.","1989","1989","1000 persons","6597.37","X","International reliable sources",""
"OA","Annual population","211","Switzerland","511","Total Population - Both sexes","3010","Population - Est. & Proj.","1990","1990","1000 persons","6652.868","X","International reliable sources",""
"OA","Annual population","211","Switzerland","511","Total Population - Both sexes","3010","Population - Est. & Proj.","1991","1991","1000 persons","6718.828","X","International reliable sources",""
"OA","Annual population","211","Switzerland","511","Total Population - Both sexes","3010","Population - Est. & Proj.","1992","1992","1000 persons","6792.906","X","International reliable sources",""
"OA","Annual population","211","Switzerland","511","Total Population - Both sexes","3010","Population - Est. & Proj.","1993","1993","1000 persons","6868.931","X","International reliable sources",""
"OA","Annual population","211","Switzerland","511","Total Population - Both sexes","3010","Population - Est. & Proj.","1994","1994","1000 persons","6938.415","X","International reliable sources",""
"OA","Annual population","211","Switzerland","511","Total Population - Both sexes","3010","Population - Est. & Proj.","1995","1995","1000 persons","6995.521","X","International reliable sources",""
"OA","Annual population","211","Switzerland","511","Total Population - Both sexes","3010","Population - Est. & Proj.","1996","1996","1000 persons","7038.033","X","International reliable sources",""
"OA","Annual population","211","Switzerland","511","Total Population - Both sexes","3010","Population - Est. & Proj.","1997","1997","1000 persons","7068.508","X","International reliable sources",""
"OA","Annual population","211","Switzerland","511","Total Population - Both sexes","3010","Population - Est. & Proj.","1998","1998","1000 persons","7091.77","X","International reliable sources",""
"OA","Annual population","211","Switzerland","511","Total Population - Both sexes","3010","Population - Est. & Proj.","1999","1999","1000 persons","7115.027","X","International reliable sources",""
"OA","Annual population","211","Switzerland","511","Total Population - Both sexes","3010","Population - Est. & Proj.","2000","2000","1000 persons","7143.761","X","International reliable sources",""
"OA","Annual population","211","Switzerland","511","Total Population - Both sexes","3010","Population - Est. & Proj.","2001","2001","1000 persons","7179.169","X","International reliable sources",""
"OA","Annual population","211","Switzerland","511","Total Population - Both sexes","3010","Population - Est. & Proj.","2002","2002","1000 persons","7220.377","X","International reliable sources",""
"OA","Annual population","211","Switzerland","511","Total Population - Both sexes","3010","Population - Est. & Proj.","2003","2003","1000 persons","7268.359","X","International reliable sources",""
"OA","Annual population","211","Switzerland","511","Total Population - Both sexes","3010","Population - Est. & Proj.","2004","2004","1000 persons","7323.737","X","International reliable sources",""
"OA","Annual population","211","Switzerland","511","Total Population - Both sexes","3010","Population - Est. & Proj.","2005","2005","1000 persons","7386.816","X","International reliable sources",""
"OA","Annual population","211","Switzerland","511","Total Population - Both sexes","3010","Population - Est. & Proj.","2006","2006","1000 persons","7457.958","X","International reliable sources",""
"OA","Annual population","211","Switzerland","511","Total Population - Both sexes","3010","Population - Est. & Proj.","2007","2007","1000 persons","7536.982","X","International reliable sources",""
"OA","Annual population","211","Switzerland","511","Total Population - Both sexes","3010","Population - Est. & Proj.","2008","2008","1000 persons","7622.821","X","International reliable sources",""
"OA","Annual population","211","Switzerland","511","Total Population - Both sexes","3010","Population - Est. & Proj.","2009","2009","1000 persons","7713.898","X","International reliable sources",""
"OA","Annual population","211","Switzerland","511","Total Population - Both sexes","3010","Population - Est. & Proj.","2010","2010","1000 persons","7808.675","X","International reliable sources",""
"OA","Annual population","211","Switzerland","511","Total Population - Both sexes","3010","Population - Est. & Proj.","2011","2011","1000 persons","7906.992","X","International reliable sources",""
"OA","Annual population","211","Switzerland","511","Total Population - Both sexes","3010","Population - Est. & Proj.","2012","2012","1000 persons","8008.012","X","International reliable sources",""
"OA","Annual population","211","Switzerland","511","Total Population - Both sexes","3010","Population - Est. & Proj.","2013","2013","1000 persons","8108.878","X","International reliable sources",""
"OA","Annual population","211","Switzerland","511","Total Population - Both sexes","3010","Population - Est. & Proj.","2014","2014","1000 persons","8206.002","X","International reliable sources",""
"OA","Annual population","211","Switzerland","511","Total Population - Both sexes","3010","Population - Est. & Proj.","2015","2015","1000 persons","8296.775","X","International reliable sources",""
"OA","Annual population","211","Switzerland","511","Total Population - Both sexes","3010","Population - Est. & Proj.","2016","2016","1000 persons","8379.917","X","International reliable sources",""
"OA","Annual population","211","Switzerland","511","Total Population - Both sexes","3010","Population - Est. & Proj.","2017","2017","1000 persons","8455.804","X","International reliable sources",""
"OA","Annual population","211","Switzerland","511","Total Population - Both sexes","3010","Population - Est. & Proj.","2018","2018","1000 persons","8525.611","X","International reliable sources",""
